{"_step":128,"epoch":8,"epoch/train_loss":0.09350415971130133,"_wandb":{"runtime":726},"train/loss":0.06559061259031296,"_timestamp":1.7468926973635929e+09,"_runtime":726.163603478}