{"_runtime":1245.737927429,"_step":510,"epoch":30,"epoch/train_loss":0.06532032902424152,"epoch/val_loss":0.07110660243779421,"_wandb":{"runtime":1245},"train/loss":0.09701653569936752,"_timestamp":1.7468940892147052e+09}