{"_runtime":344.66433581,"_timestamp":1.7468935243574877e+09,"epoch":8,"epoch/val_loss":0.08298271335661411,"epoch/train_loss":0.10666669733249225,"_wandb":{"runtime":344},"train/loss":0.11735930293798447,"val/loss":0.048694103956222534,"_step":136}